{
  "version": "v24.6_FINAL",
  "biz_day": "2026-05-03",
  "ic": null,
  "ic_window": 5,
  "count": 3,
  "top10": [
    {
      "code": "000660",
      "name": "SK하이닉스",
      "close": 180000.0,
      "score": 100.0,
      "flow_z": 0.5779428533715326,
      "mom_z": 0.0,
      "dart_z": 0.0,
      "foreign_net": -200000.0,
      "inst_net": 400000.0,
      "dart_score": 0.0,
      "volume": 3000000.0,
      "return_5d": NaN,
      "return_20d": NaN
    },
    {
      "code": "005930",
      "name": "삼성전자",
      "close": 75000.0,
      "score": 99.93,
      "flow_z": 0.5767574821982898,
      "mom_z": 0.0,
      "dart_z": 0.0,
      "foreign_net": 500000.0,
      "inst_net": -300000.0,
      "dart_score": 0.0,
      "volume": 10000000.0,
      "return_5d": NaN,
      "return_20d": NaN
    },
    {
      "code": "035420",
      "name": "NAVER",
      "close": 220000.0,
      "score": 0.0,
      "flow_z": -1.1547003355698224,
      "mom_z": 0.0,
      "dart_z": 0.0,
      "foreign_net": 100000.0,
      "inst_net": -50000000.0,
      "dart_score": 0.0,
      "volume": 1500000.0,
      "return_5d": NaN,
      "return_20d": NaN
    }
  ]
}